Community,Discussion,Entertainment,Educational,Technology,Humor,Other,Lifestyle,Defunct,General,Hobbies/Occupations,Animals,NSFW,Sum,percentage
0,2,9,1,1,3,6,3,0,1,4,1,0,31,0.045994065
1,3,15,5,5,1,5,12,0,0,6,1,0,53,0.078635015
2,5,31,8,4,12,10,8,2,3,3,1,7,94,0.139465875
3,1,11,0,0,7,7,1,0,0,0,0,0,27,0.040059347
4,11,5,37,3,0,21,12,1,2,5,3,0,100,0.148367953
5,2,0,3,3,0,3,1,0,0,0,1,0,13,0.019287834
6,0,5,3,3,0,1,1,1,0,1,0,0,15,0.022255193
7,13,43,23,11,4,17,37,2,2,22,3,0,177,0.262611276
8,3,23,2,15,5,9,2,0,0,1,0,0,60,0.089020772
9,3,16,3,0,5,4,0,0,1,2,0,0,34,0.050445104
10,3,2,3,1,2,3,3,0,0,3,1,0,21,0.03115727
11,5,13,2,4,1,4,15,1,0,3,0,1,49,0.072700297
Sum,51,173,90,50,40,90,95,7,9,50,11,8,,