,Graph type,Avg clustering coeff,Avg path length,Std clustering coeff,Std path length,Avg Degree centrality,Avg Eigenvector centrality
0,Unweighted,0.20802976929827197,2.1799599608176474,0.004663160472406257,0.008224536868330471,336.5,336.5
1,Weighted,0.20802976929827197,1.9420637475143407,0.0,0.0,N/A,336.5
