,Graph type,Avg clustering coeff,Avg path length,Std clustering coeff,Std path length,Avg Degree centrality,Avg Eigenvector centrality
0,Unweighted,0.18545991571829523,2.2225891650177947,0.006024489496106826,0.007576081545441772,336.5,336.7251114413076
1,Weighted,0.39623693945775496,31.441438610724862,0.00360837766361233,0.12122389536848208,N/A,336.7251114413076
